{
  "project_info": {
    "project_number": "690115357371",
    "firebase_url": "https://assignment-87088.firebaseio.com",
    "project_id": "assignment-87088",
    "storage_bucket": "assignment-87088.appspot.com"
  },
  "client": [
    {
      "client_info": {
        "mobilesdk_app_id": "1:690115357371:android:ee3122db130805fe65579e",
        "android_client_info": {
          "package_name": "com.example.assignment"
        }
      },
      "oauth_client": [
        {
          "client_id": "690115357371-krs6djum8vhcaemuo2n5trgrpq47793u.apps.googleusercontent.com",
          "client_type": 1,
          "android_info": {
            "package_name": "com.example.assignment",
            "certificate_hash": "76a252f34fb4633a5ed0a0cd5af95f68f5f65ac2"
          }
        },
        {
          "client_id": "690115357371-8in8osfuujfb3l81uq432e5dimdfdejp.apps.googleusercontent.com",
          "client_type": 3
        }
      ],
      "api_key": [
        {
          "current_key": "AIzaSyBp8-A_8pVAYsRlTnZ8TpilPfA_GBwqvPY"
        }
      ],
      "services": {
        "appinvite_service": {
          "other_platform_oauth_client": [
            {
              "client_id": "690115357371-8in8osfuujfb3l81uq432e5dimdfdejp.apps.googleusercontent.com",
              "client_type": 3
            }
          ]
        }
      }
    }
  ],
  "configuration_version": "1"
}